personne06162+15+45,"(15, 45)"
personne13151+0+75,"(0, 75)"
personne02242+0-60,"(0, -60)"
personne05138-15+75,"(-15, 75)"
personne05264+15+75,"(15, 75)"
personne11151+0+75,"(0, 75)"
personne02189+60+60,"(60, 60)"
personne11162+15+45,"(15, 45)"
personne05210-60+45,"(-60, 45)"
personne07138-15+75,"(-15, 75)"
personne14167+30-75,"(30, -75)"
personne14248+0+30,"(0, 30)"
personne12223-30+45,"(-30, 45)"
personne11234-15+15,"(-15, 15)"
personne04174+30+30,"(30, 30)"
personne03279+60-90,"(60, -90)"
personne03149+0+45,"(0, 45)"
personne11260+15+15,"(15, 15)"
personne11163+15+60,"(15, 60)"
personne09283+60-30,"(60, -30)"
personne15228-15-75,"(-15, -75)"
personne12268+30-60,"(30, -60)"
personne02268+30-60,"(30, -60)"
personne11111-60+60,"(-60, 60)"
personne07230-15-45,"(-15, -45)"
personne13164+15+75,"(15, 75)"
personne08154+15-75,"(15, -75)"
personne13274+30+30,"(30, 30)"
personne03136-15+45,"(-15, 45)"
personne14249+0+45,"(0, 45)"
personne13238-15+75,"(-15, 75)"
personne12150+0+60,"(0, 60)"
personne03148+0+30,"(0, 30)"
personne09119-30-15,"(-30, -15)"
personne01242+0-60,"(0, -60)"
personne12159+15+0,"(15, 0)"
personne12266+30-90,"(30, -90)"
personne10251+0+75,"(0, 75)"
personne13248+0+30,"(0, 30)"
personne01220-30+0,"(-30, 0)"
personne12246+0+0,"(0, 0)"
personne04141+0-75,"(0, -75)"
personne14177+30+75,"(30, 75)"
personne12207-60+0,"(-60, 0)"
personne04278+30+90,"(30, 90)"
personne11238-15+75,"(-15, 75)"
personne09187+60+30,"(60, 30)"
personne09238-15+75,"(-15, 75)"
personne12257+15-30,"(15, -30)"
personne10183+60-30,"(60, -30)"
personne05173+30+15,"(30, 15)"
personne15161+15+30,"(15, 30)"
personne02146+0+0,"(0, 0)"
personne05171+30-15,"(30, -15)"
personne07201-60-90,"(-60, -90)"
personne06175+30+45,"(30, 45)"
personne06232-15-15,"(-15, -15)"
personne08136-15+45,"(-15, 45)"
personne02181+60-60,"(60, -60)"
personne06123-30+45,"(-30, 45)"
personne02119-30-15,"(-30, -15)"
personne01209-60+30,"(-60, 30)"
personne13271+30-15,"(30, -15)"
personne01269+30-45,"(30, -45)"
personne13217-30-45,"(-30, -45)"
personne02282+60-45,"(60, -45)"
personne02270+30-30,"(30, -30)"
personne14216-30-60,"(-30, -60)"
personne12204-60-45,"(-60, -45)"
personne02244+0-30,"(0, -30)"
personne10155+15-60,"(15, -60)"
personne14139-15+90,"(-15, 90)"
personne11286+60+15,"(60, 15)"
personne02231-15-30,"(-15, -30)"
personne05231-15-30,"(-15, -30)"
personne10242+0-60,"(0, -60)"
personne04231-15-30,"(-15, -30)"
personne02106-60-15,"(-60, -15)"
personne12256+15-45,"(15, -45)"
personne02257+15-30,"(15, -30)"
personne04232-15-15,"(-15, -15)"
personne11128-15-75,"(-15, -75)"
personne10285+60+0,"(60, 0)"
personne01166+30-90,"(30, -90)"
personne11222-30+30,"(-30, 30)"
personne01254+15-75,"(15, -75)"
personne03290+60+75,"(60, 75)"
personne05217-30-45,"(-30, -45)"
personne06127-15-90,"(-15, -90)"
personne04152+0+90,"(0, 90)"
personne02158+15-15,"(15, -15)"
personne11259+15+0,"(15, 0)"
personne07162+15+45,"(15, 45)"
personne11153+15-90,"(15, -90)"
personne11178+30+90,"(30, 90)"
personne07227-15-90,"(-15, -90)"
personne13273+30+15,"(30, 15)"
personne06247+0+15,"(0, 15)"
personne01123-30+45,"(-30, 45)"
personne03129-15-60,"(-15, -60)"
personne08264+15+75,"(15, 75)"
personne07208-60+15,"(-60, 15)"
personne05166+30-90,"(30, -90)"
personne03286+60+15,"(60, 15)"
personne11271+30-15,"(30, -15)"
personne05187+60+30,"(60, 30)"
personne10143+0-45,"(0, -45)"
personne15141+0-75,"(0, -75)"
personne13241+0-75,"(0, -75)"
personne02275+30+45,"(30, 45)"
personne09267+30-75,"(30, -75)"
personne05132-15-15,"(-15, -15)"
personne01169+30-45,"(30, -45)"
personne09286+60+15,"(60, 15)"
personne10269+30-45,"(30, -45)"
personne07143+0-45,"(0, -45)"
personne03145+0-15,"(0, -15)"
personne01141+0-75,"(0, -75)"
personne07165+15+90,"(15, 90)"
personne11250+0+60,"(0, 60)"
personne13160+15+15,"(15, 15)"
personne04208-60+15,"(-60, 15)"
personne09134-15+15,"(-15, 15)"
personne15255+15-60,"(15, -60)"
personne01270+30-30,"(30, -30)"
personne05215-30-75,"(-30, -75)"
personne04183+60-30,"(60, -30)"
personne07289+60+60,"(60, 60)"
personne09256+15-45,"(15, -45)"
personne07133-15+0,"(-15, 0)"
personne15253+15-90,"(15, -90)"
personne08127-15-90,"(-15, -90)"
personne10131-15-30,"(-15, -30)"
personne10250+0+60,"(0, 60)"
personne12129-15-60,"(-15, -60)"
personne06231-15-30,"(-15, -30)"
personne04166+30-90,"(30, -90)"
personne02115-30-75,"(-30, -75)"
personne10162+15+45,"(15, 45)"
personne13114-30-90,"(-30, -90)"
personne09153+15-90,"(15, -90)"
personne02238-15+75,"(-15, 75)"
personne10164+15+75,"(15, 75)"
personne08162+15+45,"(15, 45)"
personne07107-60+0,"(-60, 0)"
personne15250+0+60,"(0, 60)"
personne05261+15+30,"(15, 30)"
personne12117-30-45,"(-30, -45)"
personne04100-90+0,"(-90, 0)"
personne12124-30+60,"(-30, 60)"
personne13227-15-90,"(-15, -90)"
personne07110-60+45,"(-60, 45)"
personne01236-15+45,"(-15, 45)"
personne13276+30+60,"(30, 60)"
personne07163+15+60,"(15, 60)"
personne13184+60-15,"(60, -15)"
personne09257+15-30,"(15, -30)"
personne03202-60-75,"(-60, -75)"
personne03120-30+0,"(-30, 0)"
personne08266+30-90,"(30, -90)"
personne07158+15-15,"(15, -15)"
personne15128-15-75,"(-15, -75)"
personne02182+60-45,"(60, -45)"
personne10246+0+0,"(0, 0)"
personne10139-15+90,"(-15, 90)"
personne11272+30+0,"(30, 0)"
personne05245+0-15,"(0, -15)"
personne13144+0-30,"(0, -30)"
personne12162+15+45,"(15, 45)"
personne09263+15+60,"(15, 60)"
personne06119-30-15,"(-30, -15)"
personne10184+60-15,"(60, -15)"
personne09228-15-75,"(-15, -75)"
personne13232-15-15,"(-15, -15)"
personne15262+15+45,"(15, 45)"
personne05145+0-15,"(0, -15)"
personne08188+60+45,"(60, 45)"
personne02243+0-45,"(0, -45)"
personne14229-15-60,"(-15, -60)"
personne11181+60-60,"(60, -60)"
personne01135-15+30,"(-15, 30)"
personne15184+60-15,"(60, -15)"
personne10270+30-30,"(30, -30)"
personne14169+30-45,"(30, -45)"
personne06224-30+60,"(-30, 60)"
personne04181+60-60,"(60, -60)"
personne12230-15-45,"(-15, -45)"
personne05133-15+0,"(-15, 0)"
personne07213-60+90,"(-60, 90)"
personne09148+0+30,"(0, 30)"
personne04287+60+30,"(60, 30)"
personne07237-15+60,"(-15, 60)"
personne04257+15-30,"(15, -30)"
personne01157+15-30,"(15, -30)"
personne06208-60+15,"(-60, 15)"
personne01143+0-45,"(0, -45)"
personne03135-15+30,"(-15, 30)"
personne13162+15+45,"(15, 45)"
personne07277+30+75,"(30, 75)"
personne04254+15-75,"(15, -75)"
personne02245+0-15,"(0, -15)"
personne03271+30-15,"(30, -15)"
personne15265+15+90,"(15, 90)"
personne11219-30-15,"(-30, -15)"
personne02250+0+60,"(0, 60)"
personne07114-30-90,"(-30, -90)"
personne06234-15+15,"(-15, 15)"
personne09146+0+0,"(0, 0)"
personne04276+30+60,"(30, 60)"
personne11232-15-15,"(-15, -15)"
personne09123-30+45,"(-30, 45)"
personne05220-30+0,"(-30, 0)"
personne08151+0+75,"(0, 75)"
personne05175+30+45,"(30, 45)"
personne09285+60+0,"(60, 0)"
personne11132-15-15,"(-15, -15)"
personne15252+0+90,"(0, 90)"
personne08141+0-75,"(0, -75)"
personne13258+15-15,"(15, -15)"
personne10165+15+90,"(15, 90)"
personne15209-60+30,"(-60, 30)"
personne15213-60+90,"(-60, 90)"
personne04235-15+30,"(-15, 30)"
personne15271+30-15,"(30, -15)"
personne11185+60+0,"(60, 0)"
personne09150+0+60,"(0, 60)"
personne09236-15+45,"(-15, 45)"
personne11252+0+90,"(0, 90)"
personne06171+30-15,"(30, -15)"
personne13135-15+30,"(-15, 30)"
personne05207-60+0,"(-60, 0)"
personne05164+15+75,"(15, 75)"
personne13185+60+0,"(60, 0)"
personne09115-30-75,"(-30, -75)"
personne10237-15+60,"(-15, 60)"
personne07203-60-60,"(-60, -60)"
personne04221-30+15,"(-30, 15)"
personne03103-60-60,"(-60, -60)"
personne01276+30+60,"(30, 60)"
personne06156+15-45,"(15, -45)"
personne11289+60+60,"(60, 60)"
personne10264+15+75,"(15, 75)"
personne11241+0-75,"(0, -75)"
personne01117-30-45,"(-30, -45)"
personne04143+0-45,"(0, -45)"
personne09143+0-45,"(0, -45)"
personne09168+30-60,"(30, -60)"
personne09241+0-75,"(0, -75)"
personne11144+0-30,"(0, -30)"
personne14165+15+90,"(15, 90)"
personne12219-30-15,"(-30, -15)"
personne08270+30-30,"(30, -30)"
personne02206-60-15,"(-60, -15)"
personne04248+0+30,"(0, 30)"
personne15153+15-90,"(15, -90)"
personne06243+0-45,"(0, -45)"
personne07259+15+0,"(15, 0)"
personne05246+0+0,"(0, 0)"
personne03180+60-75,"(60, -75)"
personne13104-60-45,"(-60, -45)"
personne12276+30+60,"(30, 60)"
personne11279+60-90,"(60, -90)"
personne03143+0-45,"(0, -45)"
personne12283+60-30,"(60, -30)"
personne03183+60-30,"(60, -30)"
personne02136-15+45,"(-15, 45)"
personne13257+15-30,"(15, -30)"
personne14228-15-75,"(-15, -75)"
personne14259+15+0,"(15, 0)"
personne10156+15-45,"(15, -45)"
personne05109-60+30,"(-60, 30)"
personne04277+30+75,"(30, 75)"
personne12153+15-90,"(15, -90)"
personne11290+60+75,"(60, 75)"
personne11246+0+0,"(0, 0)"
personne15287+60+30,"(60, 30)"
personne02207-60+0,"(-60, 0)"
personne03267+30-75,"(30, -75)"
personne09190+60+75,"(60, 75)"
personne10148+0+30,"(0, 30)"
personne12286+60+15,"(60, 15)"
personne14124-30+60,"(-30, 60)"
personne08160+15+15,"(15, 15)"
personne15156+15-45,"(15, -45)"
personne02249+0+45,"(0, 45)"
personne12233-15+0,"(-15, 0)"
personne05244+0-30,"(0, -30)"
personne06150+0+60,"(0, 60)"
personne09166+30-90,"(30, -90)"
personne05258+15-15,"(15, -15)"
personne02108-60+15,"(-60, 15)"
personne12245+0-15,"(0, -15)"
personne13168+30-60,"(30, -60)"
personne03274+30+30,"(30, 30)"
personne03166+30-90,"(30, -90)"
personne10119-30-15,"(-30, -15)"
personne04171+30-15,"(30, -15)"
personne06233-15+0,"(-15, 0)"
personne11258+15-15,"(15, -15)"
personne13261+15+30,"(15, 30)"
personne08139-15+90,"(-15, 90)"
personne13266+30-90,"(30, -90)"
personne12235-15+30,"(-15, 30)"
personne01175+30+45,"(30, 45)"
personne13246+0+0,"(0, 0)"
personne06138-15+75,"(-15, 75)"
personne04227-15-90,"(-15, -90)"
personne13229-15-60,"(-15, -60)"
personne03223-30+45,"(-30, 45)"
personne10221-30+15,"(-30, 15)"
personne12136-15+45,"(-15, 45)"
personne05103-60-60,"(-60, -60)"
personne03276+30+60,"(30, 60)"
personne08109-60+30,"(-60, 30)"
personne11216-30-60,"(-30, -60)"
personne13270+30-30,"(30, -30)"
personne02130-15-45,"(-15, -45)"
personne09176+30+60,"(30, 60)"
personne07210-60+45,"(-60, 45)"
personne13133-15+0,"(-15, 0)"
personne15182+60-45,"(60, -45)"
personne04122-30+30,"(-30, 30)"
personne08275+30+45,"(30, 45)"
personne15290+60+75,"(60, 75)"
personne09188+60+45,"(60, 45)"
personne07231-15-30,"(-15, -30)"
personne11152+0+90,"(0, 90)"
personne09183+60-30,"(60, -30)"
personne05289+60+60,"(60, 60)"
personne07274+30+30,"(30, 30)"
personne11134-15+15,"(-15, 15)"
personne14173+30+15,"(30, 15)"
personne01279+60-90,"(60, -90)"
personne14256+15-45,"(15, -45)"
personne03160+15+15,"(15, 15)"
personne08189+60+60,"(60, 60)"
personne04156+15-45,"(15, -45)"
personne04267+30-75,"(30, -75)"
personne15211-60+60,"(-60, 60)"
personne02183+60-30,"(60, -30)"
personne08267+30-75,"(30, -75)"
personne04175+30+45,"(30, 45)"
personne01267+30-75,"(30, -75)"
personne05161+15+30,"(15, 30)"
personne13214-30-90,"(-30, -90)"
personne13117-30-45,"(-30, -45)"
personne14136-15+45,"(-15, 45)"
personne07246+0+0,"(0, 0)"
personne14265+15+90,"(15, 90)"
personne11255+15-60,"(15, -60)"
personne02221-30+15,"(-30, 15)"
personne03173+30+15,"(30, 15)"
personne04169+30-45,"(30, -45)"
personne01140+0-90,"(0, -90)"
personne14168+30-60,"(30, -60)"
personne06229-15-60,"(-15, -60)"
personne11291+60+90,"(60, 90)"
personne12229-15-60,"(-15, -60)"
personne14112-60+75,"(-60, 75)"
personne06133-15+0,"(-15, 0)"
personne15169+30-45,"(30, -45)"
personne05135-15+30,"(-15, 30)"
personne04145+0-15,"(0, -15)"
personne06230-15-45,"(-15, -45)"
personne01282+60-45,"(60, -45)"
personne09128-15-75,"(-15, -75)"
personne06220-30+0,"(-30, 0)"
personne01211-60+60,"(-60, 60)"
personne05168+30-60,"(30, -60)"
personne12220-30+0,"(-30, 0)"
personne15147+0+15,"(0, 15)"
personne03217-30-45,"(-30, -45)"
personne15258+15-15,"(15, -15)"
personne01246+0+0,"(0, 0)"
personne13171+30-15,"(30, -15)"
personne14245+0-15,"(0, -15)"
personne08150+0+60,"(0, 60)"
personne08131-15-30,"(-15, -30)"
personne06117-30-45,"(-30, -45)"
personne14246+0+0,"(0, 0)"
personne03126-30+90,"(-30, 90)"
personne04138-15+75,"(-15, 75)"
personne10258+15-15,"(15, -15)"
personne04245+0-15,"(0, -15)"
personne04142+0-60,"(0, -60)"
personne01174+30+30,"(30, 30)"
personne07119-30-15,"(-30, -15)"
personne03110-60+45,"(-60, 45)"
personne07167+30-75,"(30, -75)"
personne07224-30+60,"(-30, 60)"
personne14156+15-45,"(15, -45)"
personne06159+15+0,"(15, 0)"
personne15248+0+30,"(0, 30)"
personne11217-30-45,"(-30, -45)"
personne11233-15+0,"(-15, 0)"
personne02143+0-45,"(0, -45)"
personne13213-60+90,"(-60, 90)"
personne07186+60+15,"(60, 15)"
personne05270+30-30,"(30, -30)"
personne03288+60+45,"(60, 45)"
personne01239-15+90,"(-15, 90)"
personne07188+60+45,"(60, 45)"
personne12234-15+15,"(-15, 15)"
personne08222-30+30,"(-30, 30)"
personne06148+0+30,"(0, 30)"
personne01116-30-60,"(-30, -60)"
personne09108-60+15,"(-60, 15)"
personne09185+60+0,"(60, 0)"
personne14148+0+30,"(0, 30)"
personne01148+0+30,"(0, 30)"
personne08268+30-60,"(30, -60)"
personne02263+15+60,"(15, 60)"
personne14161+15+30,"(15, 30)"
personne15259+15+0,"(15, 0)"
personne10152+0+90,"(0, 90)"
personne09272+30+0,"(30, 0)"
personne09220-30+0,"(-30, 0)"
personne01207-60+0,"(-60, 0)"
personne03283+60-30,"(60, -30)"
personne04268+30-60,"(30, -60)"
personne02264+15+75,"(15, 75)"
personne15166+30-90,"(30, -90)"
personne02162+15+45,"(15, 45)"
personne13126-30+90,"(-30, 90)"
personne05147+0+15,"(0, 15)"
personne01131-15-30,"(-15, -30)"
personne03245+0-15,"(0, -15)"
personne12149+0+45,"(0, 45)"
personne07262+15+45,"(15, 45)"
personne02178+30+90,"(30, 90)"
personne09164+15+75,"(15, 75)"
personne04285+60+0,"(60, 0)"
personne10123-30+45,"(-30, 45)"
personne15140+0-90,"(0, -90)"
personne13236-15+45,"(-15, 45)"
personne14114-30-90,"(-30, -90)"
personne03260+15+15,"(15, 15)"
personne04271+30-15,"(30, -15)"
personne07218-30-30,"(-30, -30)"
personne11227-15-90,"(-15, -90)"
personne14111-60+60,"(-60, 60)"
personne07178+30+90,"(30, 90)"
personne05148+0+30,"(0, 30)"
personne01167+30-75,"(30, -75)"
personne08147+0+15,"(0, 15)"
personne11244+0-30,"(0, -30)"
personne04133-15+0,"(-15, 0)"
personne03133-15+0,"(-15, 0)"
personne03177+30+75,"(30, 75)"
personne03247+0+15,"(0, 15)"
personne07134-15+15,"(-15, 15)"
personne07146+0+0,"(0, 0)"
personne04115-30-75,"(-30, -75)"
personne13285+60+0,"(60, 0)"
personne07216-30-60,"(-30, -60)"
personne08263+15+60,"(15, 60)"
personne12164+15+75,"(15, 75)"
personne12206-60-15,"(-60, -15)"
personne01225-30+75,"(-30, 75)"
personne14147+0+15,"(0, 15)"
personne14230-15-45,"(-15, -45)"
personne08120-30+0,"(-30, 0)"
personne12128-15-75,"(-15, -75)"
personne05263+15+60,"(15, 60)"
personne02274+30+30,"(30, 30)"
personne14262+15+45,"(15, 45)"
personne01273+30+15,"(30, 15)"
personne06135-15+30,"(-15, 30)"
personne12160+15+15,"(15, 15)"
personne03176+30+60,"(30, 60)"
personne12168+30-60,"(30, -60)"
personne07252+0+90,"(0, 90)"
personne12209-60+30,"(-60, 30)"
personne06242+0-60,"(0, -60)"
personne02177+30+75,"(30, 75)"
personne12156+15-45,"(15, -45)"
personne12238-15+75,"(-15, 75)"
personne02156+15-45,"(15, -45)"
personne04182+60-45,"(60, -45)"
personne10186+60+15,"(60, 15)"
personne14133-15+0,"(-15, 0)"
personne02118-30-30,"(-30, -30)"
personne03241+0-75,"(0, -75)"
personne11204-60-45,"(-60, -45)"
personne12273+30+15,"(30, 15)"
personne14215-30-75,"(-30, -75)"
personne05249+0+45,"(0, 45)"
personne14220-30+0,"(-30, 0)"
personne09253+15-90,"(15, -90)"
personne01161+15+30,"(15, 30)"
personne01151+0+75,"(0, 75)"
personne06130-15-45,"(-15, -45)"
personne12249+0+45,"(0, 45)"
personne14252+0+90,"(0, 90)"
personne10172+30+0,"(30, 0)"
personne14146+0+0,"(0, 0)"
personne10142+0-60,"(0, -60)"
personne15277+30+75,"(30, 75)"
personne11187+60+30,"(60, 30)"
personne09273+30+15,"(30, 15)"
personne04229-15-60,"(-15, -60)"
personne07118-30-30,"(-30, -30)"
personne07168+30-60,"(30, -60)"
personne08256+15-45,"(15, -45)"
personne03182+60-45,"(60, -45)"
personne08110-60+45,"(-60, 45)"
personne07190+60+75,"(60, 75)"
personne13141+0-75,"(0, -75)"
personne08273+30+15,"(30, 15)"
personne07112-60+75,"(-60, 75)"
personne05286+60+15,"(60, 15)"
personne08287+60+30,"(60, 30)"
personne14209-60+30,"(-60, 30)"
personne03125-30+75,"(-30, 75)"
personne11121-30+15,"(-30, 15)"
personne11254+15-75,"(15, -75)"
personne09157+15-30,"(15, -30)"
personne03123-30+45,"(-30, 45)"
personne01268+30-60,"(30, -60)"
personne09171+30-15,"(30, -15)"
personne01290+60+75,"(60, 75)"
personne05115-30-75,"(-30, -75)"
personne08246+0+0,"(0, 0)"
personne05154+15-75,"(15, -75)"
personne01235-15+30,"(-15, 30)"
personne03171+30-15,"(30, -15)"
personne06221-30+15,"(-30, 15)"
personne06215-30-75,"(-30, -75)"
personne02131-15-30,"(-15, -30)"
personne14253+15-90,"(15, -90)"
personne05104-60-45,"(-60, -45)"
personne01219-30-15,"(-30, -15)"
personne11183+60-30,"(60, -30)"
personne13267+30-75,"(30, -75)"
personne12152+0+90,"(0, 90)"
personne05259+15+0,"(15, 0)"
personne01245+0-15,"(0, -15)"
personne01277+30+75,"(30, 75)"
personne03275+30+45,"(30, 45)"
personne01259+15+0,"(15, 0)"
personne12221-30+15,"(-30, 15)"
personne14236-15+45,"(-15, 45)"
personne14286+60+15,"(60, 15)"
personne02283+60-30,"(60, -30)"
personne03269+30-45,"(30, -45)"
personne09280+60-75,"(60, -75)"
personne09184+60-15,"(60, -15)"
personne01171+30-15,"(30, -15)"
personne05235-15+30,"(-15, 30)"
personne11171+30-15,"(30, -15)"
personne09264+15+75,"(15, 75)"
personne08172+30+0,"(30, 0)"
personne05106-60-15,"(-60, -15)"
personne07117-30-45,"(-30, -45)"
personne07155+15-60,"(15, -60)"
personne06157+15-30,"(15, -30)"
personne05167+30-75,"(30, -75)"
personne03155+15-60,"(15, -60)"
personne07126-30+90,"(-30, 90)"
personne12205-60-30,"(-60, -30)"
personne04135-15+30,"(-15, 30)"
personne04165+15+90,"(15, 90)"
personne08175+30+45,"(30, 45)"
personne10120-30+0,"(-30, 0)"
personne12155+15-60,"(15, -60)"
personne15268+30-60,"(30, -60)"
personne02148+0+30,"(0, 30)"
personne09120-30+0,"(-30, 0)"
personne06155+15-60,"(15, -60)"
personne01289+60+60,"(60, 60)"
personne13147+0+15,"(0, 15)"
personne15160+15+15,"(15, 15)"
personne07238-15+75,"(-15, 75)"
personne02157+15-30,"(15, -30)"
personne02132-15-15,"(-15, -15)"
personne05156+15-45,"(15, -45)"
personne02187+60+30,"(60, 30)"
personne09245+0-15,"(0, -15)"
personne07254+15-75,"(15, -75)"
personne13209-60+30,"(-60, 30)"
personne13181+60-60,"(60, -60)"
personne01160+15+15,"(15, 15)"
personne12158+15-15,"(15, -15)"
personne06118-30-30,"(-30, -30)"
personne13253+15-90,"(15, -90)"
personne12231-15-30,"(-15, -30)"
personne12241+0-75,"(0, -75)"
personne02223-30+45,"(-30, 45)"
personne01122-30+30,"(-30, 30)"
personne10267+30-75,"(30, -75)"
personne03263+15+60,"(15, 60)"
personne10174+30+30,"(30, 30)"
personne09161+15+30,"(15, 30)"
personne05209-60+30,"(-60, 30)"
personne08166+30-90,"(30, -90)"
personne07228-15-75,"(-15, -75)"
personne06228-15-75,"(-15, -75)"
personne07287+60+30,"(60, 30)"
personne14128-15-75,"(-15, -75)"
personne09274+30+30,"(30, 30)"
personne03253+15-90,"(15, -90)"
personne14227-15-90,"(-15, -90)"
personne08179+60-90,"(60, -90)"
personne04217-30-45,"(-30, -45)"
personne11251+0+75,"(0, 75)"
personne14140+0-90,"(0, -90)"
personne07215-30-75,"(-30, -75)"
personne08262+15+45,"(15, 45)"
personne10288+60+45,"(60, 45)"
personne11156+15-45,"(15, -45)"
personne04243+0-45,"(0, -45)"
personne10118-30-30,"(-30, -30)"
personne06144+0-30,"(0, -30)"
personne10248+0+30,"(0, 30)"
personne07256+15-45,"(15, -45)"
personne02170+30-30,"(30, -30)"
personne12227-15-90,"(-15, -90)"
personne06246+0+0,"(0, 0)"
personne12122-30+30,"(-30, 30)"
personne10146+0+0,"(0, 0)"
personne08248+0+30,"(0, 30)"
personne10275+30+45,"(30, 45)"
personne02241+0-75,"(0, -75)"
personne02159+15+0,"(15, 0)"
personne06219-30-15,"(-30, -15)"
personne08118-30-30,"(-30, -30)"
personne01145+0-15,"(0, -15)"
personne11116-30-60,"(-30, -60)"
personne07248+0+30,"(0, 30)"
personne03162+15+45,"(15, 45)"
personne05178+30+90,"(30, 90)"
personne07236-15+45,"(-15, 45)"
personne08216-30-60,"(-30, -60)"
personne11155+15-60,"(15, -60)"
personne01256+15-45,"(15, -45)"
personne04159+15+0,"(15, 0)"
personne14155+15-60,"(15, -60)"
personne13119-30-15,"(-30, -15)"
personne14285+60+0,"(60, 0)"
personne12120-30+0,"(-30, 0)"
personne03249+0+45,"(0, 45)"
personne04251+0+75,"(0, 75)"
personne05256+15-45,"(15, -45)"
personne02144+0-30,"(0, -30)"
personne10130-15-45,"(-15, -45)"
personne03146+0+0,"(0, 0)"
personne12154+15-75,"(15, -75)"
personne11170+30-30,"(30, -30)"
personne04128-15-75,"(-15, -75)"
personne15286+60+15,"(60, 15)"
personne13109-60+30,"(-60, 30)"
personne08152+0+90,"(0, 90)"
personne07156+15-45,"(15, -45)"
personne07282+60-45,"(60, -45)"
personne08130-15-45,"(-15, -45)"
personne11190+60+75,"(60, 75)"
personne15263+15+60,"(15, 60)"
personne15170+30-30,"(30, -30)"
personne14272+30+0,"(30, 0)"
personne08144+0-30,"(0, -30)"
personne05260+15+15,"(15, 15)"
personne15163+15+60,"(15, 60)"
personne05123-30+45,"(-30, 45)"
personne12262+15+45,"(15, 45)"
personne09254+15-75,"(15, -75)"
personne13153+15-90,"(15, -90)"
personne05257+15-30,"(15, -30)"
personne15142+0-60,"(0, -60)"
personne09287+60+30,"(60, 30)"
personne04130-15-45,"(-15, -45)"
personne04218-30-30,"(-30, -30)"
personne04219-30-15,"(-30, -15)"
personne05284+60-15,"(60, -15)"
personne05276+30+60,"(30, 60)"
personne06107-60+0,"(-60, 0)"
personne08146+0+0,"(0, 0)"
personne09155+15-60,"(15, -60)"
personne08140+0-90,"(0, -90)"
personne13146+0+0,"(0, 0)"
personne07187+60+30,"(60, 30)"
personne13113-60+90,"(-60, 90)"
personne09288+60+45,"(60, 45)"
personne03147+0+15,"(0, 15)"
personne05130-15-45,"(-15, -45)"
personne13237-15+60,"(-15, 60)"
personne11147+0+15,"(0, 15)"
personne15272+30+0,"(30, 0)"
personne13272+30+0,"(30, 0)"
personne08169+30-45,"(30, -45)"
personne07125-30+75,"(-30, 75)"
personne02151+0+75,"(0, 75)"
personne13243+0-45,"(0, -45)"
personne14153+15-90,"(15, -90)"
personne07278+30+90,"(30, 90)"
personne07209-60+30,"(-60, 30)"
personne15178+30+90,"(30, 90)"
personne07205-60-30,"(-60, -30)"
personne07108-60+15,"(-60, 15)"
personne05108-60+15,"(-60, 15)"
personne03104-60-45,"(-60, -45)"
personne14233-15+0,"(-15, 0)"
personne05287+60+30,"(60, 30)"
personne03152+0+90,"(0, 90)"
personne05131-15-30,"(-15, -30)"
personne08185+60+0,"(60, 0)"
personne12263+15+60,"(15, 60)"
personne06168+30-60,"(30, -60)"
personne15171+30-15,"(30, -15)"
personne08157+15-30,"(15, -30)"
personne14231-15-30,"(-15, -30)"
personne05170+30-30,"(30, -30)"
personne06120-30+0,"(-30, 0)"
personne03122-30+30,"(-30, 30)"
personne15120-30+0,"(-30, 0)"
personne07164+15+75,"(15, 75)"
personne05186+60+15,"(60, 15)"
personne07267+30-75,"(30, -75)"
personne15251+0+75,"(0, 75)"
personne05266+30-90,"(30, -90)"
personne13159+15+0,"(15, 0)"
personne03116-30-60,"(-30, -60)"
personne06216-30-60,"(-30, -60)"
personne10124-30+60,"(-30, 60)"
personne01172+30+0,"(30, 0)"
personne14142+0-60,"(0, -60)"
personne06226-30+90,"(-30, 90)"
personne14164+15+75,"(15, 75)"
personne11277+30+75,"(30, 75)"
personne02273+30+15,"(30, 15)"
personne03191+60+90,"(60, 90)"
personne12287+60+30,"(60, 30)"
personne02272+30+0,"(30, 0)"
personne02184+60-15,"(60, -15)"
personne14127-15-90,"(-15, -90)"
personne01287+60+30,"(60, 30)"
personne15143+0-45,"(0, -45)"
personne13105-60-30,"(-60, -30)"
personne01283+60-30,"(60, -30)"
personne02261+15+30,"(15, 30)"
personne08143+0-45,"(0, -45)"
personne10114-30-90,"(-30, -90)"
personne14121-30+15,"(-30, 15)"
personne04220-30+0,"(-30, 0)"
personne12228-15-75,"(-15, -75)"
personne12157+15-30,"(15, -30)"
personne04149+0+45,"(0, 45)"
personne01214-30-90,"(-30, -90)"
personne07153+15-90,"(15, -90)"
personne11142+0-60,"(0, -60)"
personne11169+30-45,"(30, -45)"
personne14190+60+75,"(60, 75)"
personne10157+15-30,"(15, -30)"
personne03128-15-75,"(-15, -75)"
personne01177+30+75,"(30, 75)"
personne07235-15+30,"(-15, 30)"
personne11235-15+30,"(-15, 30)"
personne11173+30+15,"(30, 15)"
personne07223-30+45,"(-30, 45)"
personne07217-30-45,"(-30, -45)"
personne15176+30+60,"(30, 60)"
personne12215-30-75,"(-30, -75)"
personne12237-15+60,"(-15, 60)"
personne14267+30-75,"(30, -75)"
personne04129-15-60,"(-15, -60)"
personne09260+15+15,"(15, 15)"
personne07272+30+0,"(30, 0)"
personne02235-15+30,"(-15, 30)"
personne14251+0+75,"(0, 75)"
personne09135-15+30,"(-15, 30)"
personne02217-30-45,"(-30, -45)"
personne11140+0-90,"(0, -90)"
personne02123-30+45,"(-30, 45)"
personne09154+15-75,"(15, -75)"
personne13107-60+0,"(-60, 0)"
personne12130-15-45,"(-15, -45)"
personne13125-30+75,"(-30, 75)"
personne07121-30+15,"(-30, 15)"
personne15275+30+45,"(30, 45)"
personne09191+60+90,"(60, 90)"
personne05236-15+45,"(-15, 45)"
personne07276+30+60,"(30, 60)"
personne13230-15-45,"(-15, -45)"
personne03186+60+15,"(60, 15)"
personne12107-60+0,"(-60, 0)"
personne14284+60-15,"(60, -15)"
personne04269+30-45,"(30, -45)"
personne03250+0+60,"(0, 60)"
personne05102-60-75,"(-60, -75)"
personne14239-15+90,"(-15, 90)"
personne10147+0+15,"(0, 15)"
personne07191+60+90,"(60, 90)"
personne03137-15+60,"(-15, 60)"
personne10161+15+30,"(15, 30)"
personne13222-30+30,"(-30, 30)"
personne14171+30-15,"(30, -15)"
personne09180+60-75,"(60, -75)"
personne02203-60-60,"(-60, -60)"
personne11267+30-75,"(30, -75)"
personne11243+0-45,"(0, -45)"
personne14143+0-45,"(0, -45)"
personne08230-15-45,"(-15, -45)"
personne05290+60+75,"(60, 75)"
personne04258+15-15,"(15, -15)"
personne07152+0+90,"(0, 90)"
personne10144+0-30,"(0, -30)"
personne01263+15+60,"(15, 60)"
personne15261+15+30,"(15, 30)"
personne03270+30-30,"(30, -30)"
personne06169+30-45,"(30, -45)"
personne01134-15+15,"(-15, 15)"
personne10185+60+0,"(60, 0)"
personne01218-30-30,"(-30, -30)"
personne06227-15-90,"(-15, -90)"
personne02262+15+45,"(15, 45)"
personne13100-90+0,"(-90, 0)"
personne14183+60-30,"(60, -30)"
personne13283+60-30,"(60, -30)"
personne05268+30-60,"(30, -60)"
personne14232-15-15,"(-15, -15)"
personne05118-30-30,"(-30, -30)"
personne10271+30-15,"(30, -15)"
personne14158+15-15,"(15, -15)"
personne11287+60+30,"(60, 30)"
personne13287+60+30,"(60, 30)"
personne11218-30-30,"(-30, -30)"
personne09137-15+60,"(-15, 60)"
personne05119-30-15,"(-30, -15)"
personne12118-30-30,"(-30, -30)"
personne05202-60-75,"(-60, -75)"
personne01203-60-60,"(-60, -60)"
personne14144+0-30,"(0, -30)"
personne02133-15+0,"(-15, 0)"
personne13157+15-30,"(15, -30)"
personne08236-15+45,"(-15, 45)"
personne04108-60+15,"(-60, 15)"
personne11148+0+30,"(0, 30)"
personne02185+60+0,"(60, 0)"
personne04233-15+0,"(-15, 0)"
personne03218-30-30,"(-30, -30)"
personne03159+15+0,"(15, 0)"
personne03121-30+15,"(-30, 15)"
personne10150+0+60,"(0, 60)"
personne04206-60-15,"(-60, -15)"
personne15266+30-90,"(30, -90)"
personne08269+30-45,"(30, -45)"
personne07271+30-15,"(30, -15)"
personne01205-60-30,"(-60, -30)"
personne04117-30-45,"(-30, -45)"
personne05205-60-30,"(-60, -30)"
personne11228-15-75,"(-15, -75)"
personne09140+0-90,"(0, -90)"
personne06158+15-15,"(15, -15)"
personne15132-15-15,"(-15, -15)"
personne07160+15+15,"(15, 15)"
personne09208-60+15,"(-60, 15)"
personne12269+30-45,"(30, -45)"
personne12114-30-90,"(-30, -90)"
personne10116-30-60,"(-30, -60)"
personne06240+0-90,"(0, -90)"
personne07220-30+0,"(-30, 0)"
personne04124-30+60,"(-30, 60)"
personne11154+15-75,"(15, -75)"
personne02222-30+30,"(-30, 30)"
personne01261+15+30,"(15, 30)"
personne13148+0+30,"(0, 30)"
personne09271+30-15,"(30, -15)"
personne06146+0+0,"(0, 0)"
personne04274+30+30,"(30, 30)"
personne14234-15+15,"(-15, 15)"
personne07283+60-30,"(60, -30)"
personne14247+0+15,"(0, 15)"
personne07106-60-15,"(-60, -15)"
personne07109-60+30,"(-60, 30)"
personne02225-30+75,"(-30, 75)"
personne12226-30+90,"(-30, 90)"
personne14266+30-90,"(30, -90)"
personne01136-15+45,"(-15, 45)"
personne05214-30-90,"(-30, -90)"
personne13216-30-60,"(-30, -60)"
personne03256+15-45,"(15, -45)"
personne03246+0+0,"(0, 0)"
personne13111-60+60,"(-60, 60)"
personne13139-15+90,"(-15, 90)"
personne11145+0-15,"(0, -15)"
personne04270+30-30,"(30, -30)"
personne14154+15-75,"(15, -75)"
personne14174+30+30,"(30, 30)"
personne07291+60+90,"(60, 90)"
personne04190+60+75,"(60, 75)"
personne08288+60+45,"(60, 45)"
personne11269+30-45,"(30, -45)"
personne09158+15-15,"(15, -15)"
personne05254+15-75,"(15, -75)"
personne14115-30-75,"(-30, -75)"
personne03266+30-90,"(30, -90)"
personne02248+0+30,"(0, 30)"
personne12133-15+0,"(-15, 0)"
personne01228-15-75,"(-15, -75)"
personne07222-30+30,"(-30, 30)"
personne11283+60-30,"(60, -30)"
personne09229-15-60,"(-15, -60)"
personne09255+15-60,"(15, -60)"
personne03144+0-30,"(0, -30)"
personne08286+60+15,"(60, 15)"
personne12277+30+75,"(30, 75)"
personne03231-15-30,"(-15, -30)"
personne09223-30+45,"(-30, 45)"
personne12248+0+30,"(0, 30)"
personne02271+30-15,"(30, -15)"
personne12285+60+0,"(60, 0)"
personne11172+30+0,"(30, 0)"
personne09243+0-45,"(0, -45)"
personne01156+15-45,"(15, -45)"
personne05252+0+90,"(0, 90)"
personne12135-15+30,"(-15, 30)"
personne02228-15-75,"(-15, -75)"
personne10276+30+60,"(30, 60)"
personne14244+0-30,"(0, -30)"
personne08134-15+15,"(-15, 15)"
personne01226-30+90,"(-30, 90)"
personne05163+15+60,"(15, 60)"
personne13225-30+75,"(-30, 75)"
personne02251+0+75,"(0, 75)"
personne06249+0+45,"(0, 45)"
personne11263+15+60,"(15, 60)"
personne11174+30+30,"(30, 30)"
personne15242+0-60,"(0, -60)"
personne12243+0-45,"(0, -45)"
personne06241+0-75,"(0, -75)"
personne12216-30-60,"(-30, -60)"
personne07123-30+45,"(-30, 45)"
personne14275+30+45,"(30, 45)"
personne01215-30-75,"(-30, -75)"
personne01125-30+75,"(-30, 75)"
personne09219-30-15,"(-30, -15)"
personne05184+60-15,"(60, -15)"
personne07172+30+0,"(30, 0)"
personne05221-30+15,"(-30, 15)"
personne10154+15-75,"(15, -75)"
personne02124-30+60,"(-30, 60)"
personne06125-30+75,"(-30, 75)"
personne05141+0-75,"(0, -75)"
personne02230-15-45,"(-15, -45)"
personne08178+30+90,"(30, 90)"
personne11119-30-15,"(-30, -15)"
personne07169+30-45,"(30, -45)"
personne13175+30+45,"(30, 45)"
personne08238-15+75,"(-15, 75)"
personne14145+0-15,"(0, -15)"
personne02239-15+90,"(-15, 90)"
personne04189+60+60,"(60, 60)"
personne12274+30+30,"(30, 30)"
personne13149+0+45,"(0, 45)"
personne15264+15+75,"(15, 75)"
personne09244+0-30,"(0, -30)"
personne10286+60+15,"(60, 15)"
personne13234-15+15,"(-15, 15)"
personne09109-60+30,"(-60, 30)"
personne04125-30+75,"(-30, 75)"
personne01285+60+0,"(60, 0)"
personne11220-30+0,"(-30, 0)"
personne08191+60+90,"(60, 90)"
personne04186+60+15,"(60, 15)"
personne12131-15-30,"(-15, -30)"
personne01288+60+45,"(60, 45)"
personne04255+15-60,"(15, -60)"
personne13284+60-15,"(60, -15)"
personne04107-60+0,"(-60, 0)"
personne04120-30+0,"(-30, 0)"
personne02125-30+75,"(-30, 75)"
personne01250+0+60,"(0, 60)"
personne15285+60+0,"(60, 0)"
personne13165+15+90,"(15, 90)"
personne08250+0+60,"(0, 60)"
personne10259+15+0,"(15, 0)"
personne14122-30+30,"(-30, 30)"
personne04250+0+60,"(0, 60)"
personne11175+30+45,"(30, 45)"
personne08289+60+60,"(60, 60)"
personne01291+60+90,"(60, 90)"
personne03151+0+75,"(0, 75)"
personne03163+15+60,"(15, 60)"
personne09174+30+30,"(30, 30)"
personne05251+0+75,"(0, 75)"
personne13132-15-15,"(-15, -15)"
personne06122-30+30,"(-30, 30)"
personne07214-30-90,"(-30, -90)"
personne10126-30+90,"(-30, 90)"
personne09221-30+15,"(-30, 15)"
personne05234-15+15,"(-15, 15)"
personne04167+30-75,"(30, -75)"
personne13211-60+60,"(-60, 60)"
personne10273+30+15,"(30, 15)"
personne11248+0+30,"(0, 30)"
personne15229-15-60,"(-15, -60)"
personne04160+15+15,"(15, 15)"
personne06134-15+15,"(-15, 15)"
personne04126-30+90,"(-30, 90)"
personne10262+15+45,"(15, 45)"
personne10252+0+90,"(0, 90)"
personne03157+15-30,"(15, -30)"
personne03232-15-15,"(-15, -15)"
personne03168+30-60,"(30, -60)"
personne01120-30+0,"(-30, 0)"
personne09160+15+15,"(15, 15)"
personne03153+15-90,"(15, -90)"
personne03215-30-75,"(-30, -75)"
personne13256+15-45,"(15, -45)"
personne01162+15+45,"(15, 45)"
personne05262+15+45,"(15, 45)"
personne15177+30+75,"(30, 75)"
personne07127-15-90,"(-15, -90)"
personne09276+30+60,"(30, 60)"
personne04176+30+60,"(30, 60)"
personne04272+30+0,"(30, 0)"
personne11231-15-30,"(-15, -30)"
personne04273+30+15,"(30, 15)"
personne10241+0-75,"(0, -75)"
personne05162+15+45,"(15, 45)"
personne07182+60-45,"(60, -45)"
personne04163+15+60,"(15, 60)"
personne07111-60+60,"(-60, 60)"
personne01152+0+90,"(0, 90)"
personne01163+15+60,"(15, 60)"
personne11166+30-90,"(30, -90)"
personne13131-15-30,"(-15, -30)"
personne15284+60-15,"(60, -15)"
personne09251+0+75,"(0, 75)"
personne13290+60+75,"(60, 75)"
personne14214-30-90,"(-30, -90)"
personne01233-15+0,"(-15, 0)"
personne04114-30-90,"(-30, -90)"
personne01108-60+15,"(-60, 15)"
personne14263+15+60,"(15, 60)"
personne07136-15+45,"(-15, 45)"
personne03114-30-90,"(-30, -90)"
personne15168+30-60,"(30, -60)"
personne09222-30+30,"(-30, 30)"
personne04260+15+15,"(15, 15)"
personne11102-60-75,"(-60, -75)"
personne05155+15-60,"(15, -60)"
personne07141+0-75,"(0, -75)"
personne15172+30+0,"(30, 0)"
personne04184+60-15,"(60, -15)"
personne08271+30-15,"(30, -15)"
personne15167+30-75,"(30, -75)"
personne12103-60-60,"(-60, -60)"
personne01247+0+15,"(0, 15)"
personne15159+15+0,"(15, 0)"
personne10249+0+45,"(0, 45)"
personne09230-15-45,"(-15, -45)"
personne03132-15-15,"(-15, -15)"
personne13140+0-90,"(0, -90)"
personne09117-30-45,"(-30, -45)"
personne06166+30-90,"(30, -90)"
personne14157+15-30,"(15, -30)"
personne10128-15-75,"(-15, -75)"
personne12172+30+0,"(30, 0)"
personne10253+15-90,"(15, -90)"
personne14210-60+45,"(-60, 45)"
personne03167+30-75,"(30, -75)"
personne02229-15-60,"(-15, -60)"
personne05110-60+45,"(-60, 45)"
personne09170+30-30,"(30, -30)"
personne02164+15+75,"(15, 75)"
personne14243+0-45,"(0, -45)"
personne12214-30-90,"(-30, -90)"
personne07286+60+15,"(60, 15)"
personne05153+15-90,"(15, -90)"
personne05142+0-60,"(0, -60)"
personne04209-60+30,"(-60, 30)"
personne02134-15+15,"(-15, 15)"
personne15240+0-90,"(0, -90)"
personne11158+15-15,"(15, -15)"
personne07206-60-15,"(-60, -15)"
personne14175+30+45,"(30, 45)"
personne12211-60+60,"(-60, 60)"
personne03229-15-60,"(-15, -60)"
personne14162+15+45,"(15, 45)"
personne10125-30+75,"(-30, 75)"
personne10127-15-90,"(-15, -90)"
personne03134-15+15,"(-15, 15)"
personne13289+60+60,"(60, 60)"
personne12169+30-45,"(30, -45)"
personne03272+30+0,"(30, 0)"
personne01281+60-60,"(60, -60)"
personne08184+60-15,"(60, -15)"
personne14181+60-60,"(60, -60)"
personne09248+0+30,"(0, 30)"
personne09173+30+15,"(30, 15)"
personne08155+15-60,"(15, -60)"
personne03222-30+30,"(-30, 30)"
personne12167+30-75,"(30, -75)"
personne04150+0+60,"(0, 60)"
personne07124-30+60,"(-30, 60)"
personne09151+0+75,"(0, 75)"
personne03230-15-45,"(-15, -45)"
personne01150+0+60,"(0, 60)"
personne11264+15+75,"(15, 75)"
personne10132-15-15,"(-15, -15)"
personne01243+0-45,"(0, -45)"
personne02175+30+45,"(30, 45)"
personne08187+60+30,"(60, 30)"
personne13264+15+75,"(15, 75)"
personne07243+0-45,"(0, -45)"
personne01173+30+15,"(30, 15)"
personne07255+15-60,"(15, -60)"
personne13215-30-75,"(-30, -75)"
personne03258+15-15,"(15, -15)"
personne13235-15+30,"(-15, 30)"
personne07232-15-15,"(-15, -15)"
personne02160+15+15,"(15, 15)"
personne08255+15-60,"(15, -60)"
personne12275+30+45,"(30, 45)"
personne03172+30+0,"(30, 0)"
personne01222-30+30,"(-30, 30)"
personne02254+15-75,"(15, -75)"
personne02186+60+15,"(60, 15)"
personne06141+0-75,"(0, -75)"
personne03262+15+45,"(15, 45)"
personne13163+15+60,"(15, 60)"
personne02174+30+30,"(30, 30)"
personne12163+15+60,"(15, 60)"
personne02210-60+45,"(-60, 45)"
personne09156+15-45,"(15, -45)"
personne01249+0+45,"(0, 45)"
personne03164+15+75,"(15, 75)"
personne15220-30+0,"(-30, 0)"
personne07131-15-30,"(-15, -30)"
personne12176+30+60,"(30, 60)"
personne12253+15-90,"(15, -90)"
personne11179+60-90,"(60, -90)"
personne10153+15-90,"(15, -90)"
personne02142+0-60,"(0, -60)"
personne06142+0-60,"(0, -60)"
personne13177+30+75,"(30, 75)"
personne13188+60+45,"(60, 45)"
personne11150+0+60,"(0, 60)"
personne07260+15+15,"(15, 15)"
personne08165+15+90,"(15, 90)"
personne15247+0+15,"(0, 15)"
personne11280+60-75,"(60, -75)"
personne13233-15+0,"(-15, 0)"
personne08171+30-15,"(30, -15)"
personne08261+15+30,"(15, 30)"
personne12119-30-15,"(-30, -15)"
personne08161+15+30,"(15, 30)"
personne02129-15-60,"(-15, -60)"
personne11159+15+0,"(15, 0)"
personne12240+0-90,"(0, -90)"
personne09218-30-30,"(-30, -30)"
personne02209-60+30,"(-60, 30)"
personne14152+0+90,"(0, 90)"
personne07130-15-45,"(-15, -45)"
personne05114-30-90,"(-30, -90)"
personne07105-60-30,"(-60, -30)"
personne04146+0+0,"(0, 0)"
personne03165+15+90,"(15, 90)"
personne13260+15+15,"(15, 15)"
personne10222-30+30,"(-30, 30)"
personne06128-15-75,"(-15, -75)"
personne01119-30-15,"(-30, -15)"
personne10169+30-45,"(30, -45)"
personne02259+15+0,"(15, 0)"
personne14269+30-45,"(30, -45)"
personne09149+0+45,"(0, 45)"
personne05172+30+0,"(30, 0)"
personne05140+0-90,"(0, -90)"
personne01229-15-60,"(-15, -60)"
personne11189+60+60,"(60, 60)"
personne01230-15-45,"(-15, -45)"
personne15274+30+30,"(30, 30)"
personne06147+0+15,"(0, 15)"
personne09269+30-45,"(30, -45)"
personne08168+30-60,"(30, -60)"
personne14178+30+90,"(30, 90)"
personne08258+15-15,"(15, -15)"
personne14132-15-15,"(-15, -15)"
personne09145+0-15,"(0, -15)"
personne07145+0-15,"(0, -15)"
personne13127-15-90,"(-15, -90)"
personne08119-30-15,"(-30, -15)"
personne14141+0-75,"(0, -75)"
personne12173+30+15,"(30, 15)"
personne10220-30+0,"(-30, 0)"
personne13208-60+15,"(-60, 15)"
personne08163+15+60,"(15, 60)"
personne10145+0-15,"(0, -15)"
personne10239-15+90,"(-15, 90)"
personne08228-15-75,"(-15, -75)"
personne03240+0-90,"(0, -90)"
personne15269+30-45,"(30, -45)"
personne10243+0-45,"(0, -45)"
personne10236-15+45,"(-15, 45)"
personne14242+0-60,"(0, -60)"
personne06140+0-90,"(0, -90)"
personne08277+30+75,"(30, 75)"
personne11229-15-60,"(-15, -60)"
personne11131-15-30,"(-15, -30)"
personne14258+15-15,"(15, -15)"
personne07154+15-75,"(15, -75)"
personne12270+30-30,"(30, -30)"
personne02216-30-60,"(-30, -60)"
personne13142+0-60,"(0, -60)"
personne03261+15+30,"(15, 30)"
personne11136-15+45,"(-15, 45)"
personne11160+15+15,"(15, 15)"
personne07144+0-30,"(0, -30)"
personne13136-15+45,"(-15, 45)"
personne11236-15+45,"(-15, 45)"
personne11242+0-60,"(0, -60)"
personne13219-30-15,"(-30, -15)"
personne01107-60+0,"(-60, 0)"
personne01258+15-15,"(15, -15)"
personne02237-15+60,"(-15, 60)"
personne09278+30+90,"(30, 90)"
personne10187+60+30,"(60, 30)"
personne11268+30-60,"(30, -60)"
personne09189+60+60,"(60, 60)"
personne05159+15+0,"(15, 0)"
personne04154+15-75,"(15, -75)"
personne09291+60+90,"(60, 90)"
personne13224-30+60,"(-30, 60)"
personne07247+0+15,"(0, 15)"
personne01224-30+60,"(-30, 60)"
personne15146+0+0,"(0, 0)"
personne09281+60-60,"(60, -60)"
personne01176+30+60,"(30, 60)"
personne07177+30+75,"(30, 75)"
personne06235-15+30,"(-15, 30)"
personne14274+30+30,"(30, 30)"
personne15187+60+30,"(60, 30)"
personne13186+60+15,"(60, 15)"
personne14187+60+30,"(60, 30)"
personne05185+60+0,"(60, 0)"
personne03254+15-75,"(15, -75)"
personne15175+30+45,"(30, 45)"
personne12247+0+15,"(0, 15)"
personne07221-30+15,"(-30, 15)"
personne10238-15+75,"(-15, 75)"
personne01234-15+15,"(-15, 15)"
personne01251+0+75,"(0, 75)"
personne07261+15+30,"(15, 30)"
personne01121-30+15,"(-30, 15)"
personne01208-60+15,"(-60, 15)"
personne01223-30+45,"(-30, 45)"
personne09182+60-45,"(60, -45)"
personne10159+15+0,"(15, 0)"
personne15134-15+15,"(-15, 15)"
personne13167+30-75,"(30, -75)"
personne06163+15+60,"(15, 60)"
personne04178+30+90,"(30, 90)"
personne12145+0-15,"(0, -15)"
personne06136-15+45,"(-15, 45)"
personne12203-60-60,"(-60, -60)"
personne09129-15-60,"(-15, -60)"
personne14221-30+15,"(-30, 15)"
personne11123-30+45,"(-30, 45)"
personne15155+15-60,"(15, -60)"
personne13277+30+75,"(30, 75)"
personne07284+60-15,"(60, -15)"
personne01284+60-15,"(60, -15)"
personne11130-15-45,"(-15, -45)"
personne04137-15+60,"(-15, 60)"
personne09106-60-15,"(-60, -15)"
personne04132-15-15,"(-15, -15)"
personne01257+15-30,"(15, -30)"
personne01137-15+60,"(-15, 60)"
personne13207-60+0,"(-60, 0)"
personne09234-15+15,"(-15, 15)"
personne08153+15-90,"(15, -90)"
personne11237-15+60,"(-15, 60)"
personne06238-15+75,"(-15, 75)"
personne01138-15+75,"(-15, 75)"
personne04144+0-30,"(0, -30)"
personne12148+0+30,"(0, 30)"
personne11240+0-90,"(0, -90)"
personne02208-60+15,"(-60, 15)"
personne04265+15+90,"(15, 90)"
personne13183+60-30,"(60, -30)"
personne08223-30+45,"(-30, 45)"
personne09275+30+45,"(30, 45)"
personne14277+30+75,"(30, 75)"
personne10245+0-15,"(0, -15)"
personne09186+60+15,"(60, 15)"
personne08125-30+75,"(-30, 75)"
personne12282+60-45,"(60, -45)"
personne10177+30+75,"(30, 75)"
personne12121-30+15,"(-30, 15)"
personne06225-30+75,"(-30, 75)"
personne11247+0+15,"(0, 15)"
personne03210-60+45,"(-60, 45)"
personne03252+0+90,"(0, 90)"
personne12123-30+45,"(-30, 45)"
personne06245+0-15,"(0, -15)"
personne06174+30+30,"(30, 30)"
personne01253+15-90,"(15, -90)"
personne10216-30-60,"(-30, -60)"
personne06239-15+90,"(-15, 90)"
personne14151+0+75,"(0, 75)"
personne14125-30+75,"(-30, 75)"
personne10188+60+45,"(60, 45)"
personne07275+30+45,"(30, 45)"
personne10115-30-75,"(-30, -75)"
personne10268+30-60,"(30, -60)"
personne03273+30+15,"(30, 15)"
personne13269+30-45,"(30, -45)"
personne04205-60-30,"(-60, -30)"
personne02269+30-45,"(30, -45)"
personne09262+15+45,"(15, 45)"
personne05125-30+75,"(-30, 75)"
personne13161+15+30,"(15, 30)"
personne04172+30+0,"(30, 0)"
personne05160+15+15,"(15, 15)"
personne14219-30-15,"(-30, -15)"
personne10254+15-75,"(15, -75)"
personne09217-30-45,"(-30, -45)"
personne09163+15+60,"(15, 60)"
personne11282+60-45,"(60, -45)"
personne06114-30-90,"(-30, -90)"
personne08265+15+90,"(15, 90)"
personne05240+0-90,"(0, -90)"
personne05212-60+75,"(-60, 75)"
personne02246+0+0,"(0, 0)"
personne01178+30+90,"(30, 90)"
personne06143+0-45,"(0, -45)"
personne12115-30-75,"(-30, -75)"
personne01232-15-15,"(-15, -15)"
personne03251+0+75,"(0, 75)"
personne08159+15+0,"(15, 0)"
personne11273+30+15,"(30, 15)"
personne14287+60+30,"(60, 30)"
personne07266+30-90,"(30, -90)"
personne15282+60-45,"(60, -45)"
personne04256+15-45,"(15, -45)"
personne15151+0+75,"(0, 75)"
personne07234-15+15,"(-15, 15)"
personne10163+15+60,"(15, 60)"
personne09144+0-30,"(0, -30)"
personne02127-15-90,"(-15, -90)"
personne12171+30-15,"(30, -15)"
personne07113-60+90,"(-60, 90)"
personne03161+15+30,"(15, 30)"
personne15273+30+15,"(30, 15)"
personne08129-15-60,"(-15, -60)"
personne11249+0+45,"(0, 45)"
personne11115-30-75,"(-30, -75)"
personne07137-15+60,"(-15, 60)"
personne13242+0-60,"(0, -60)"
personne05277+30+75,"(30, 75)"
personne02224-30+60,"(-30, 60)"
personne13176+30+60,"(30, 60)"
personne05272+30+0,"(30, 0)"
personne13204-60-45,"(-60, -45)"
personne04215-30-75,"(-30, -75)"
personne11103-60-60,"(-60, -60)"
personne02255+15-60,"(15, -60)"
personne08252+0+90,"(0, 90)"
personne08186+60+15,"(60, 15)"
personne02258+15-15,"(15, -15)"
personne09216-30-60,"(-30, -60)"
personne11161+15+30,"(15, 30)"
personne10229-15-60,"(-15, -60)"
personne14223-30+45,"(-30, 45)"
personne04112-60+75,"(-60, 75)"
personne10137-15+60,"(-15, 60)"
personne13254+15-75,"(15, -75)"
personne05275+30+45,"(30, 45)"
personne12267+30-75,"(30, -75)"
personne08126-30+90,"(-30, 90)"
personne14261+15+30,"(15, 30)"
personne15249+0+45,"(0, 45)"
personne10170+30-30,"(30, -30)"
personne13255+15-60,"(15, -60)"
personne13106-60-15,"(-60, -15)"
personne02149+0+45,"(0, 45)"
personne13137-15+60,"(-15, 60)"
personne07257+15-30,"(15, -30)"
personne15183+60-30,"(60, -30)"
personne05117-30-45,"(-30, -45)"
personne04168+30-60,"(30, -60)"
personne05146+0+0,"(0, 0)"
personne14160+15+15,"(15, 15)"
personne11141+0-75,"(0, -75)"
personne04253+15-90,"(15, -90)"
personne15233-15+0,"(-15, 0)"
personne05157+15-30,"(15, -30)"
personne09121-30+15,"(-30, 15)"
personne15241+0-75,"(0, -75)"
personne12137-15+60,"(-15, 60)"
personne05230-15-45,"(-15, -45)"
personne04234-15+15,"(-15, 15)"
personne02233-15+0,"(-15, 0)"
personne01237-15+60,"(-15, 60)"
personne11188+60+45,"(60, 45)"
personne09247+0+15,"(0, 15)"
personne08128-15-75,"(-15, -75)"
personne14260+15+15,"(15, 15)"
personne11133-15+0,"(-15, 0)"
personne11146+0+0,"(0, 0)"
personne07140+0-90,"(0, -90)"
personne01217-30-45,"(-30, -45)"
personne03124-30+60,"(-30, 60)"
personne13226-30+90,"(-30, 90)"
personne03228-15-75,"(-15, -75)"
personne03127-15-90,"(-15, -90)"
personne05233-15+0,"(-15, 0)"
personne13118-30-30,"(-30, -30)"
personne10138-15+75,"(-15, 75)"
personne09261+15+30,"(15, 30)"
personne01154+15-75,"(15, -75)"
personne06108-60+15,"(-60, 15)"
personne09132-15-15,"(-15, -15)"
personne13150+0+60,"(0, 60)"
personne14254+15-75,"(15, -75)"
personne03264+15+75,"(15, 75)"
personne15232-15-15,"(-15, -15)"
personne02161+15+30,"(15, 30)"
personne08274+30+30,"(30, 30)"
personne13166+30-90,"(30, -90)"
personne07170+30-30,"(30, -30)"
personne09235-15+30,"(-15, 30)"
personne05267+30-75,"(30, -75)"
personne10219-30-15,"(-30, -15)"
personne10167+30-75,"(30, -75)"
personne07264+15+75,"(15, 75)"
personne01168+30-60,"(30, -60)"
personne06223-30+45,"(-30, 45)"
personne09116-30-60,"(-30, -60)"
personne10134-15+15,"(-15, 15)"
personne07212-60+75,"(-60, 75)"
personne09181+60-60,"(60, -60)"
personne09107-60+0,"(-60, 0)"
personne11214-30-90,"(-30, -90)"
personne07211-60+60,"(-60, 60)"
personne03138-15+75,"(-15, 75)"
personne14166+30-90,"(30, -90)"
personne13221-30+15,"(-30, 15)"
personne12170+30-30,"(30, -30)"
personne04111-60+60,"(-60, 60)"
personne15289+60+60,"(60, 60)"
personne14241+0-75,"(0, -75)"
personne04118-30-30,"(-30, -30)"
personne15185+60+0,"(60, 0)"
personne15270+30-30,"(30, -30)"
personne08278+30+90,"(30, 90)"
personne15144+0-30,"(0, -30)"
personne05206-60-15,"(-60, -15)"
personne10234-15+15,"(-15, 15)"
personne14172+30+0,"(30, 0)"
personne13156+15-45,"(15, -45)"
personne11274+30+30,"(30, 30)"
personne14116-30-60,"(-30, -60)"
personne05283+60-30,"(60, -30)"
personne15158+15-15,"(15, -15)"
personne12127-15-90,"(-15, -90)"
personne04106-60-15,"(-60, -15)"
personne03255+15-60,"(15, -60)"
personne06154+15-75,"(15, -75)"
personne07258+15-15,"(15, -15)"
personne07128-15-75,"(-15, -75)"
personne05152+0+90,"(0, 90)"
personne14120-30+0,"(-30, 0)"
personne03278+30+90,"(30, 90)"
personne07285+60+0,"(60, 0)"
personne01202-60-75,"(-60, -75)"
personne08170+30-30,"(30, -30)"
personne14137-15+60,"(-15, 60)"
personne03226-30+90,"(-30, 90)"
personne10160+15+15,"(15, 15)"
personne15256+15-45,"(15, -45)"
personne06151+0+75,"(0, 75)"
personne12208-60+15,"(-60, 15)"
personne11135-15+30,"(-15, 30)"
personne08149+0+45,"(0, 45)"
personne14264+15+75,"(15, 75)"
personne08245+0-15,"(0, -15)"
personne15148+0+30,"(0, 30)"
personne13129-15-60,"(-15, -60)"
personne03291+60+90,"(60, 90)"
personne14118-30-30,"(-30, -30)"
personne03259+15+0,"(15, 0)"
personne12143+0-45,"(0, -45)"
personne10230-15-45,"(-15, -45)"
personne15236-15+45,"(-15, 45)"
personne13212-60+75,"(-60, 75)"
personne14270+30-30,"(30, -30)"
personne01275+30+45,"(30, 45)"
personne12116-30-60,"(-30, -60)"
personne10261+15+30,"(15, 30)"
personne15133-15+0,"(-15, 0)"
personne09172+30+0,"(30, 0)"
personne03179+60-90,"(60, -90)"
personne10168+30-60,"(30, -60)"
personne11139-15+90,"(-15, 90)"
personne14200-90+0,"(-90, 0)"
personne08243+0-45,"(0, -45)"
personne08251+0+75,"(0, 75)"
personne13115-30-75,"(-30, -75)"
personne08167+30-75,"(30, -75)"
personne13158+15-15,"(15, -15)"
personne03280+60-75,"(60, -75)"
personne11284+60-15,"(60, -15)"
personne01164+15+75,"(15, 75)"
personne04139-15+90,"(-15, 90)"
personne11191+60+90,"(60, 90)"
personne07175+30+45,"(30, 45)"
personne07122-30+30,"(-30, 30)"
personne14250+0+60,"(0, 60)"
personne08182+60-45,"(60, -45)"
personne07142+0-60,"(0, -60)"
personne15235-15+30,"(-15, 30)"
personne01149+0+45,"(0, 45)"
personne11168+30-60,"(30, -60)"
personne13247+0+15,"(0, 15)"
personne08114-30-90,"(-30, -90)"
personne06164+15+75,"(15, 75)"
personne11157+15-30,"(15, -30)"
personne05101-60-90,"(-60, -90)"
personne02292+90+0,"(90, 0)"
personne14226-30+90,"(-30, 90)"
personne12260+15+15,"(15, 15)"
personne07132-15-15,"(-15, -15)"
personne13205-60-30,"(-60, -30)"
personne05116-30-60,"(-30, -60)"
personne11257+15-30,"(15, -30)"
personne10171+30-15,"(30, -15)"
personne06161+15+30,"(15, 30)"
personne14222-30+30,"(-30, 30)"
personne03178+30+90,"(30, 90)"
personne03150+0+60,"(0, 60)"
personne06139-15+90,"(-15, 90)"
personne11215-30-75,"(-30, -75)"
personne14159+15+0,"(15, 0)"
personne02247+0+15,"(0, 15)"
personne06248+0+30,"(0, 30)"
personne07174+30+30,"(30, 30)"
personne09252+0+90,"(0, 90)"
personne07251+0+75,"(0, 75)"
personne15257+15-30,"(15, -30)"
personne01139-15+90,"(-15, 90)"
personne14170+30-30,"(30, -30)"
personne01114-30-90,"(-30, -90)"
personne04266+30-90,"(30, -90)"
personne04259+15+0,"(15, 0)"
personne02252+0+90,"(0, 90)"
personne15154+15-75,"(15, -75)"
personne06116-30-60,"(-30, -60)"
personne07229-15-60,"(-15, -60)"
personne01266+30-90,"(30, -90)"
personne08247+0+15,"(0, 15)"
personne12134-15+15,"(-15, 15)"
personne09122-30+30,"(-30, 30)"
personne03277+30+75,"(30, 75)"
personne02169+30-45,"(30, -45)"
personne08233-15+0,"(-15, 0)"
personne01265+15+90,"(15, 90)"
personne07241+0-75,"(0, -75)"
personne09200-90+0,"(-90, 0)"
personne15212-60+75,"(-60, 75)"
personne10141+0-75,"(0, -75)"
personne13169+30-45,"(30, -45)"
personne08280+60-75,"(60, -75)"
personne13251+0+75,"(0, 75)"
personne12225-30+75,"(-30, 75)"
personne07159+15+0,"(15, 0)"
personne11165+15+90,"(15, 90)"
personne15186+60+15,"(60, 15)"
personne07189+60+60,"(60, 60)"
personne13121-30+15,"(-30, 15)"
personne07204-60-45,"(-60, -45)"
personne11281+60-60,"(60, -60)"
personne08221-30+15,"(-30, 15)"
personne03265+15+90,"(15, 90)"
personne04162+15+45,"(15, 45)"
personne07281+60-60,"(60, -60)"
personne04110-60+45,"(-60, 45)"
personne09240+0-90,"(0, -90)"
personne11276+30+60,"(30, 60)"
personne11177+30+75,"(30, 75)"
personne07239-15+90,"(-15, 90)"
personne12217-30-45,"(-30, -45)"
personne12258+15-15,"(15, -15)"
personne05243+0-45,"(0, -45)"
personne09266+30-90,"(30, -90)"
personne04240+0-90,"(0, -90)"
personne05107-60+0,"(-60, 0)"
personne03282+60-45,"(60, -45)"
personne08177+30+75,"(30, 75)"
personne05122-30+30,"(-30, 30)"
personne01238-15+75,"(-15, 75)"
personne06149+0+45,"(0, 45)"
personne09258+15-15,"(15, -15)"
personne08241+0-75,"(0, -75)"
personne02105-60-30,"(-60, -30)"
personne01255+15-60,"(15, -60)"
personne01221-30+15,"(-30, 15)"
personne12272+30+0,"(30, 0)"
personne09282+60-45,"(60, -45)"
personne08232-15-15,"(-15, -15)"
personne12254+15-75,"(15, -75)"
personne03225-30+75,"(-30, 75)"
personne05278+30+90,"(30, 90)"
personne05121-30+15,"(-30, 15)"
personne04241+0-75,"(0, -75)"
personne09162+15+45,"(15, 45)"
personne03169+30-45,"(30, -45)"
personne15276+30+60,"(30, 60)"
personne07244+0-30,"(0, -30)"
personne14119-30-15,"(-30, -15)"
personne09265+15+90,"(15, 90)"
personne12242+0-60,"(0, -60)"
personne13172+30+0,"(30, 0)"
personne07263+15+60,"(15, 60)"
personne03158+15-15,"(15, -15)"
personne07245+0-15,"(0, -15)"
personne04109-60+30,"(-60, 30)"
personne08142+0-60,"(0, -60)"
personne13288+60+45,"(60, 45)"
personne15221-30+15,"(-30, 15)"
personne13174+30+30,"(30, 30)"
personne02139-15+90,"(-15, 90)"
personne05232-15-15,"(-15, -15)"
personne01252+0+90,"(0, 90)"
personne11118-30-30,"(-30, -30)"
personne09215-30-75,"(-30, -75)"
personne13286+60+15,"(60, 15)"
personne09289+60+60,"(60, 60)"
personne12288+60+45,"(60, 45)"
personne07249+0+45,"(0, 45)"
personne02219-30-15,"(-30, -15)"
personne09290+60+75,"(60, 75)"
personne03119-30-15,"(-30, -15)"
personne02121-30+15,"(-30, 15)"
personne09227-15-90,"(-15, -90)"
personne03233-15+0,"(-15, 0)"
personne08259+15+0,"(15, 0)"
personne02135-15+30,"(-15, 30)"
personne04261+15+30,"(15, 30)"
personne01115-30-75,"(-30, -75)"
personne07147+0+15,"(0, 15)"
personne10227-15-90,"(-15, -90)"
personne01248+0+30,"(0, 30)"
personne10265+15+90,"(15, 90)"
personne10233-15+0,"(-15, 0)"
personne15267+30-75,"(30, -75)"
personne11288+60+45,"(60, 45)"
personne03219-30-15,"(-30, -15)"
personne05105-60-30,"(-60, -30)"
personne14186+60+15,"(60, 15)"
personne04244+0-30,"(0, -30)"
personne06153+15-90,"(15, -90)"
personne14135-15+30,"(-15, 30)"
personne05151+0+75,"(0, 75)"
personne02171+30-15,"(30, -15)"
personne08133-15+0,"(-15, 0)"
personne09292+90+0,"(90, 0)"
personne04170+30-30,"(30, -30)"
personne10256+15-45,"(15, -45)"
personne14268+30-60,"(30, -60)"
personne01159+15+0,"(15, 0)"
personne04177+30+75,"(30, 75)"
personne13268+30-60,"(30, -60)"
personne14255+15-60,"(15, -60)"
personne09179+60-90,"(60, -90)"
personne08272+30+0,"(30, 0)"
personne14185+60+0,"(60, 0)"
personne06173+30+15,"(30, 15)"
personne12132-15-15,"(-15, -15)"
personne04230-15-45,"(-15, -45)"
personne08229-15-60,"(-15, -60)"
personne12284+60-15,"(60, -15)"
personne13120-30+0,"(-30, 0)"
personne02173+30+15,"(30, 15)"
personne05271+30-15,"(30, -15)"
personne01132-15-15,"(-15, -15)"
personne05134-15+15,"(-15, 15)"
personne08249+0+45,"(0, 45)"
personne12166+30-90,"(30, -90)"
personne13249+0+45,"(0, 45)"
personne08158+15-15,"(15, -15)"
personne10283+60-30,"(60, -30)"
personne04134-15+15,"(-15, 15)"
personne05265+15+90,"(15, 90)"
personne01186+60+15,"(60, 15)"
personne07103-60-60,"(-60, -60)"
personne13170+30-30,"(30, -30)"
personne07202-60-75,"(-60, -75)"
personne13278+30+90,"(30, 90)"
personne05229-15-60,"(-15, -60)"
personne13182+60-45,"(60, -45)"
personne15157+15-30,"(15, -30)"
personne03242+0-60,"(0, -60)"
personne14278+30+90,"(30, 90)"
personne04148+0+30,"(0, 30)"
personne09165+15+90,"(15, 90)"
personne01264+15+75,"(15, 75)"
personne10231-15-30,"(-15, -30)"
personne08135-15+30,"(-15, 30)"
personne06106-60-15,"(-60, -15)"
personne05165+15+90,"(15, 90)"
personne09114-30-90,"(-30, -90)"
personne13245+0-15,"(0, -15)"
personne04131-15-30,"(-15, -30)"
personne08276+30+60,"(30, 60)"
personne03287+60+30,"(60, 30)"
personne01278+30+90,"(30, 90)"
personne04291+60+90,"(60, 90)"
personne11186+60+15,"(60, 15)"
personne05124-30+60,"(-30, 60)"
personne07269+30-45,"(30, -45)"
personne03244+0-30,"(0, -30)"
personne02190+60+75,"(60, 75)"
personne11278+30+90,"(30, 90)"
personne09284+60-15,"(60, -15)"
personne14149+0+45,"(0, 45)"
personne04116-30-60,"(-30, -60)"
personne12222-30+30,"(-30, 30)"
personne07166+30-90,"(30, -90)"
personne07207-60+0,"(-60, 0)"
personne14238-15+75,"(-15, 75)"
personne07233-15+0,"(-15, 0)"
personne09249+0+45,"(0, 45)"
personne11164+15+75,"(15, 75)"
personne15173+30+15,"(30, 15)"
personne10228-15-75,"(-15, -75)"
personne09279+60-90,"(60, -90)"
personne03216-30-60,"(-30, -60)"
personne10260+15+15,"(15, 15)"
personne09127-15-90,"(-15, -90)"
personne07290+60+75,"(60, 75)"
personne06145+0-15,"(0, -15)"
personne09133-15+0,"(-15, 0)"
personne13244+0-30,"(0, -30)"
personne07129-15-60,"(-15, -60)"
personne09167+30-75,"(30, -75)"
personne11270+30-30,"(30, -30)"
personne02234-15+15,"(-15, 15)"
personne13228-15-75,"(-15, -75)"
personne09232-15-15,"(-15, -15)"
personne08145+0-15,"(0, -15)"
personne01127-15-90,"(-15, -90)"
personne05227-15-90,"(-15, -90)"
personne09131-15-30,"(-15, -30)"
personne10121-30+15,"(-30, 15)"
personne04136-15+45,"(-15, 45)"
personne11143+0-45,"(0, -45)"
personne04180+60-75,"(60, -75)"
personne01146+0+0,"(0, 0)"
personne03185+60+0,"(60, 0)"
personne06244+0-30,"(0, -30)"
personne01165+15+90,"(15, 90)"
personne12151+0+75,"(0, 75)"
personne05216-30-60,"(-30, -60)"
personne05174+30+30,"(30, 30)"
personne07149+0+45,"(0, 45)"
personne13124-30+60,"(-30, 60)"
personne04153+15-90,"(15, -90)"
personne09270+30-30,"(30, -30)"
personne03214-30-90,"(-30, -90)"
personne04242+0-60,"(0, -60)"
personne02163+15+60,"(15, 60)"
personne03243+0-45,"(0, -45)"
personne14138-15+75,"(-15, 75)"
personne15165+15+90,"(15, 90)"
personne01147+0+15,"(0, 15)"
personne09130-15-45,"(-15, -45)"
personne04119-30-15,"(-30, -15)"
personne12252+0+90,"(0, 90)"
personne13110-60+45,"(-60, 45)"
personne05126-30+90,"(-30, 90)"
personne02172+30+0,"(30, 0)"
personne05201-60-90,"(-60, -90)"
personne01210-60+45,"(-60, 45)"
personne04188+60+45,"(60, 45)"
personne14217-30-45,"(-30, -45)"
personne02215-30-75,"(-30, -75)"
personne05247+0+15,"(0, 15)"
personne03117-30-45,"(-30, -45)"
personne06237-15+60,"(-15, 60)"
personne15149+0+45,"(0, 45)"
personne05219-30-15,"(-30, -15)"
personne15135-15+30,"(-15, 30)"
personne01271+30-15,"(30, -15)"
personne08291+60+90,"(60, 90)"
personne05282+60-45,"(60, -45)"
personne01155+15-60,"(15, -60)"
personne01262+15+45,"(15, 45)"
personne07270+30-30,"(30, -30)"
personne12281+60-60,"(60, -60)"
personne03131-15-30,"(-15, -30)"
personne08260+15+15,"(15, 15)"
personne14123-30+45,"(-30, 45)"
personne13250+0+60,"(0, 60)"
personne15164+15+75,"(15, 75)"
personne13123-30+45,"(-30, 45)"
personne12250+0+60,"(0, 60)"
personne15254+15-75,"(15, -75)"
personne01158+15-15,"(15, -15)"
personne11256+15-45,"(15, -45)"
personne05169+30-45,"(30, -45)"
personne12232-15-15,"(-15, -15)"
personne04252+0+90,"(0, 90)"
personne14110-60+45,"(-60, 45)"
personne01244+0-30,"(0, -30)"
personne09246+0+0,"(0, 0)"
personne01212-60+75,"(-60, 75)"
personne10178+30+90,"(30, 90)"
personne11265+15+90,"(15, 90)"
personne12161+15+30,"(15, 30)"
personne12265+15+90,"(15, 90)"
personne10240+0-90,"(0, -90)"
personne10274+30+30,"(30, 30)"
personne05250+0+60,"(0, 60)"
personne13130-15-45,"(-15, -45)"
personne07148+0+30,"(0, 30)"
personne11261+15+30,"(15, 30)"
personne15162+15+45,"(15, 45)"
personne09141+0-75,"(0, -75)"
personne07157+15-30,"(15, -30)"
personne01130-15-45,"(-15, -45)"
personne05211-60+60,"(-60, 60)"
personne08138-15+75,"(-15, 75)"
personne05253+15-90,"(15, -90)"
personne04187+60+30,"(60, 30)"
personne13116-30-60,"(-30, -60)"
personne14240+0-90,"(0, -90)"
personne07225-30+75,"(-30, 75)"
personne12126-30+90,"(-30, 90)"
personne01260+15+15,"(15, 15)"
personne07151+0+75,"(0, 75)"
personne09259+15+0,"(15, 0)"
personne01280+60-75,"(60, -75)"
personne15243+0-45,"(0, -45)"
personne04275+30+45,"(30, 45)"
personne12251+0+75,"(0, 75)"
personne14150+0+60,"(0, 60)"
personne13262+15+45,"(15, 45)"
personne08290+60+75,"(60, 75)"
personne04155+15-60,"(15, -60)"
personne11137-15+60,"(-15, 60)"
personne01200-90+0,"(-90, 0)"
personne03170+30-30,"(30, -30)"
personne07242+0-60,"(0, -60)"
personne09147+0+15,"(0, 15)"
personne14237-15+60,"(-15, 60)"
personne06217-30-45,"(-30, -45)"
personne04151+0+75,"(0, 75)"
personne11221-30+15,"(-30, 15)"
personne01128-15-75,"(-15, -75)"
personne12210-60+45,"(-60, 45)"
personne03239-15+90,"(-15, 90)"
personne04207-60+0,"(-60, 0)"
personne11266+30-90,"(30, -90)"
personne14130-15-45,"(-15, -45)"
personne08173+30+15,"(30, 15)"
personne08240+0-90,"(0, -90)"
personne03130-15-45,"(-15, -45)"
personne01274+30+30,"(30, 30)"
personne15188+60+45,"(60, 45)"
personne03238-15+75,"(-15, 75)"
personne15260+15+15,"(15, 15)"
personne08254+15-75,"(15, -75)"
personne07288+60+45,"(60, 45)"
personne12264+15+75,"(15, 75)"
personne05238-15+75,"(-15, 75)"
personne06109-60+30,"(-60, 30)"
personne06236-15+45,"(-15, 45)"
personne13138-15+75,"(-15, 75)"
personne14224-30+60,"(-30, 60)"
personne10158+15-15,"(15, -15)"
personne05144+0-30,"(0, -30)"
personne03140+0-90,"(0, -90)"
personne12144+0-30,"(0, -30)"
personne15129-15-60,"(-15, -60)"
personne12261+15+30,"(15, 30)"
personne10247+0+15,"(0, 15)"
personne14131-15-30,"(-15, -30)"
personne03174+30+30,"(30, 30)"
personne14218-30-30,"(-30, -30)"
personne10232-15-15,"(-15, -15)"
personne13189+60+60,"(60, 60)"
personne05204-60-45,"(-60, -45)"
personne07185+60+0,"(60, 0)"
personne03234-15+15,"(-15, 15)"
personne02155+15-60,"(15, -60)"
personne13206-60-15,"(-60, -15)"
personne07171+30-15,"(30, -15)"
personne05137-15+60,"(-15, 60)"
personne01286+60+15,"(60, 15)"
personne13223-30+45,"(-30, 45)"
personne06137-15+60,"(-15, 60)"
personne09142+0-60,"(0, -60)"
personne07135-15+30,"(-15, 30)"
personne09136-15+45,"(-15, 45)"
personne02232-15-15,"(-15, -15)"
personne04185+60+0,"(60, 0)"
personne05129-15-60,"(-15, -60)"
personne10244+0-30,"(0, -30)"
personne05120-30+0,"(-30, 0)"
personne03118-30-30,"(-30, -30)"
personne10122-30+30,"(-30, 30)"
personne01187+60+30,"(60, 30)"
personne05111-60+60,"(-60, 60)"
personne04121-30+15,"(-30, 15)"
personne03248+0+30,"(0, 30)"
personne13108-60+15,"(-60, 15)"
personne05248+0+30,"(0, 30)"
personne13154+15-75,"(15, -75)"
personne10235-15+30,"(-15, 30)"
personne03257+15-30,"(15, -30)"
personne11253+15-90,"(15, -90)"
personne04264+15+75,"(15, 75)"
personne11245+0-15,"(0, -15)"
personne06131-15-30,"(-15, -30)"
personne02117-30-45,"(-30, -45)"
personne13134-15+15,"(-15, 15)"
personne06121-30+15,"(-30, 15)"
personne09175+30+45,"(30, 45)"
personne11275+30+45,"(30, 45)"
personne13240+0-90,"(0, -90)"
personne08156+15-45,"(15, -45)"
personne12147+0+15,"(0, 15)"
personne06129-15-60,"(-15, -60)"
personne02260+15+15,"(15, 15)"
personne10257+15-30,"(15, -30)"
personne09159+15+0,"(15, 0)"
personne03115-30-75,"(-30, -75)"
personne11210-60+45,"(-60, 45)"
personne05226-30+90,"(-30, 90)"
personne05237-15+60,"(-15, 60)"
personne07176+30+60,"(30, 60)"
personne13231-15-30,"(-15, -30)"
personne08137-15+60,"(-15, 60)"
personne08281+60-60,"(60, -60)"
personne14225-30+75,"(-30, 75)"
personne05285+60+0,"(60, 0)"
personne11184+60-15,"(60, -15)"
personne14288+60+45,"(60, 45)"
personne09277+30+75,"(30, 75)"
personne04164+15+75,"(15, 75)"
personne05255+15-60,"(15, -60)"
personne02220-30+0,"(-30, 0)"
personne13210-60+45,"(-60, 45)"
personne02236-15+45,"(-15, 45)"
personne14184+60-15,"(60, -15)"
personne14163+15+60,"(15, 60)"
personne12109-60+30,"(-60, 30)"
personne07115-30-75,"(-30, -75)"
personne07173+30+15,"(30, 15)"
personne01153+15-90,"(15, -90)"
personne07116-30-60,"(-30, -60)"
personne01133-15+0,"(-15, 0)"
personne12239-15+90,"(-15, 90)"
personne08257+15-30,"(15, -30)"
personne06222-30+30,"(-30, 30)"
personne05269+30-45,"(30, -45)"
personne04216-30-60,"(-30, -60)"
personne11149+0+45,"(0, 45)"
personne09237-15+60,"(-15, 60)"
personne13220-30+0,"(-30, 0)"
personne03285+60+0,"(60, 0)"
personne15244+0-30,"(0, -30)"
personne12236-15+45,"(-15, 45)"
personne11129-15-60,"(-15, -60)"
personne01272+30+0,"(30, 0)"
personne12140+0-90,"(0, -90)"
personne05150+0+60,"(0, 60)"
personne01118-30-30,"(-30, -30)"
personne04246+0+0,"(0, 0)"
personne01216-30-60,"(-30, -60)"
personne08235-15+30,"(-15, 30)"
personne12255+15-60,"(15, -60)"
personne13265+15+90,"(15, 90)"
personne08234-15+15,"(-15, 15)"
personne12146+0+0,"(0, 0)"
personne13143+0-45,"(0, -45)"
personne06172+30+0,"(30, 0)"
personne06124-30+60,"(-30, 60)"
personne12244+0-30,"(0, -30)"
personne13122-30+30,"(-30, 30)"
personne04200-90+0,"(-90, 0)"
personne04173+30+15,"(30, 15)"
personne11262+15+45,"(15, 45)"
personne09100-90+0,"(-90, 0)"
personne03284+60-15,"(60, -15)"
personne08148+0+30,"(0, 30)"
personne04157+15-30,"(15, -30)"
personne08285+60+0,"(60, 0)"
personne13263+15+60,"(15, 60)"
personne08164+15+75,"(15, 75)"
personne03181+60-60,"(60, -60)"
personne11127-15-90,"(-15, -90)"
personne05136-15+45,"(-15, 45)"
personne03175+30+45,"(30, 45)"
personne04179+60-90,"(60, -90)"
personne15278+30+90,"(30, 90)"
personne09239-15+90,"(-15, 90)"
personne05127-15-90,"(-15, -90)"
personne09110-60+45,"(-60, 45)"
personne01241+0-75,"(0, -75)"
personne05128-15-75,"(-15, -75)"
personne14182+60-45,"(60, -45)"
personne02265+15+90,"(15, 90)"
personne02211-60+60,"(-60, 60)"
personne09268+30-60,"(30, -60)"
personne14117-30-45,"(-30, -45)"
personne10277+30+75,"(30, 75)"
personne15230-15-45,"(-15, -45)"
personne07226-30+90,"(-30, 90)"
personne13239-15+90,"(-15, 90)"
personne15174+30+30,"(30, 30)"
personne12138-15+75,"(-15, 75)"
personne04147+0+15,"(0, 15)"
personne04214-30-90,"(-30, -90)"
personne10151+0+75,"(0, 75)"
personne05218-30-30,"(-30, -30)"
personne11104-60-45,"(-60, -45)"
personne09231-15-30,"(-15, -30)"
personne14129-15-60,"(-15, -60)"
personne02256+15-45,"(15, -45)"
personne07273+30+15,"(30, 15)"
personne01227-15-90,"(-15, -90)"
personne13152+0+90,"(0, 90)"
personne03281+60-60,"(60, -60)"
personne02116-30-60,"(-30, -60)"
personne08176+30+60,"(30, 60)"
personne04249+0+45,"(0, 45)"
personne05273+30+15,"(30, 15)"
personne11230-15-45,"(-15, -45)"
personne04289+60+60,"(60, 60)"
personne10135-15+30,"(-15, 30)"
personne03141+0-75,"(0, -75)"
personne05228-15-75,"(-15, -75)"
personne12142+0-60,"(0, -60)"
personne01142+0-60,"(0, -60)"
personne03184+60-15,"(60, -15)"
personne03268+30-60,"(30, -60)"
personne03142+0-60,"(0, -60)"
personne11176+30+60,"(30, 60)"
personne04127-15-90,"(-15, -90)"
personne04290+60+75,"(60, 75)"
personne06115-30-75,"(-30, -75)"
personne10140+0-90,"(0, -90)"
personne13155+15-60,"(15, -60)"
personne14271+30-15,"(30, -15)"
personne15150+0+60,"(0, 60)"
personne15283+60-30,"(60, -30)"
personne03224-30+60,"(-30, 60)"
personne12175+30+45,"(30, 45)"
personne11285+60+0,"(60, 0)"
personne09178+30+90,"(30, 90)"
personne13275+30+45,"(30, 45)"
personne11182+60-45,"(60, -45)"
personne05139-15+90,"(-15, 90)"
personne14235-15+30,"(-15, 30)"
personne11239-15+90,"(-15, 90)"
personne15234-15+15,"(-15, 15)"
personne13218-30-30,"(-30, -30)"
personne07250+0+60,"(0, 60)"
personne12218-30-30,"(-30, -30)"
personne04140+0-90,"(0, -90)"
personne09233-15+0,"(-15, 0)"
personne07139-15+90,"(-15, 90)"
personne02285+60+0,"(60, 0)"
personne10263+15+60,"(15, 60)"
personne04288+60+45,"(60, 45)"
personne04228-15-75,"(-15, -75)"
personne07219-30-15,"(-30, -15)"
personne02147+0+15,"(0, 15)"
personne04102-60-75,"(-60, -75)"
personne12165+15+90,"(15, 90)"
personne08244+0-30,"(0, -30)"
personne05241+0-75,"(0, -75)"
personne11120-30+0,"(-30, 0)"
personne04236-15+45,"(-15, 45)"
personne11122-30+30,"(-30, 30)"
personne13259+15+0,"(15, 0)"
personne12125-30+75,"(-30, 75)"
personne01105-60-30,"(-60, -30)"
personne08174+30+30,"(30, 30)"
personne10175+30+45,"(30, 45)"
personne04105-60-30,"(-60, -30)"
personne03139-15+90,"(-15, 90)"
personne15288+60+45,"(60, 45)"
personne10284+60-15,"(60, -15)"
personne13178+30+90,"(30, 90)"
personne01124-30+60,"(-30, 60)"
personne10173+30+15,"(30, 15)"
personne03154+15-75,"(15, -75)"
personne03220-30+0,"(-30, 0)"
personne07253+15-90,"(15, -90)"
personne08253+15-90,"(15, -90)"
personne02120-30+0,"(-30, 0)"
personne04262+15+45,"(15, 45)"
personne10255+15-60,"(15, -60)"
personne06132-15-15,"(-15, -15)"
personne01144+0-30,"(0, -30)"
personne13128-15-75,"(-15, -75)"
personne09118-30-30,"(-30, -30)"
personne14257+15-30,"(15, -30)"
personne07265+15+90,"(15, 90)"
personne12139-15+90,"(-15, 90)"
personne13252+0+90,"(0, 90)"
personne04247+0+15,"(0, 15)"
personne02107-60+0,"(-60, 0)"
personne14273+30+15,"(30, 15)"
personne15145+0-15,"(0, -15)"
personne09169+30-45,"(30, -45)"
personne12224-30+60,"(-30, 60)"
personne15246+0+0,"(0, 0)"
personne02218-30-30,"(-30, -30)"
personne07240+0-90,"(0, -90)"
personne12259+15+0,"(15, 0)"
personne12141+0-75,"(0, -75)"
personne07150+0+60,"(0, 60)"
personne10136-15+45,"(-15, 45)"
personne02150+0+60,"(0, 60)"
personne04161+15+30,"(15, 30)"
personne05203-60-60,"(-60, -60)"
personne14176+30+60,"(30, 60)"
personne06218-30-30,"(-30, -30)"
personne11117-30-45,"(-30, -45)"
personne01129-15-60,"(-15, -60)"
personne05143+0-45,"(0, -45)"
personne10272+30+0,"(30, 0)"
personne13145+0-15,"(0, -15)"
personne02126-30+90,"(-30, 90)"
personne12105-60-30,"(-60, -30)"
personne06160+15+15,"(15, 15)"
personne06214-30-90,"(-30, -90)"
personne08227-15-90,"(-15, -90)"
personne04123-30+45,"(-30, 45)"
personne02145+0-15,"(0, -15)"
personne08132-15-15,"(-15, -15)"
personne10203-60-60,"(-60, -60)"
personne05149+0+45,"(0, 45)"
personne14134-15+15,"(-15, 15)"
personne03227-15-90,"(-15, -90)"
personne01231-15-30,"(-15, -30)"
personne01240+0-90,"(0, -90)"
personne05158+15-15,"(15, -15)"
personne07161+15+30,"(15, 30)"
personne07268+30-60,"(30, -60)"
personne05242+0-60,"(0, -60)"
personne01170+30-30,"(30, -30)"
personne13173+30+15,"(30, 15)"
personne09242+0-60,"(0, -60)"
personne12271+30-15,"(30, -15)"
personne15245+0-15,"(0, -15)"
personne14276+30+60,"(30, 60)"
personne05208-60+15,"(-60, 15)"
personne06152+0+90,"(0, 90)"
personne10133-15+0,"(-15, 0)"
personne08242+0-60,"(0, -60)"
personne04158+15-15,"(15, -15)"
personne06170+30-30,"(30, -30)"
personne03156+15-45,"(15, -45)"
personne08124-30+60,"(-30, 60)"
personne07120-30+0,"(-30, 0)"
